{
    "train_loss": [
        0.5512747393524497,
        0.3892739565619842,
        0.341648445103804,
        0.29593124624228434,
        0.2594573970397598,
        0.22157302356736605,
        0.1880721368442068,
        0.16764422485368302,
        0.13791614687986578,
        0.12149218745706253,
        0.08401136248304188,
        0.0702957658162124,
        0.06330655351729333,
        0.06102995023078057,
        0.05697187704329041
    ],
    "val_loss": [
        0.4477976810437586,
        0.42598460058285953,
        0.3339101085505943,
        0.35823021912267794,
        0.2973434157637567,
        0.30775890521737126,
        0.35031638958508704,
        0.27963319235349415,
        0.34696724585581235,
        0.3722999273067892,
        0.2974729395933844,
        0.3095051214280132,
        0.3041471897308663,
        0.34635072355245233,
        0.32036343338407675
    ],
    "train_acc": [
        0.7636851520572451,
        0.854561717352415,
        0.8767441860465116,
        0.8937388193202147,
        0.9100178890876566,
        0.9232558139534883,
        0.9361359570661896,
        0.9418604651162791,
        0.9556350626118068,
        0.9590339892665474,
        0.9724508050089445,
        0.9806797853309481,
        0.9813953488372092,
        0.9819320214669052,
        0.9835420393559928
    ],
    "val_acc": [
        0.8283261802575107,
        0.8247496423462088,
        0.8783977110157367,
        0.8798283261802575,
        0.8912732474964234,
        0.8905579399141631,
        0.882689556509299,
        0.9041487839771102,
        0.8991416309012875,
        0.8755364806866953,
        0.9141630901287554,
        0.9105865522174535,
        0.9148783977110158,
        0.9070100143061517,
        0.9170243204577968
    ],
    "train_precision": [
        0.73343786750294,
        0.8343171979535616,
        0.8526112185686654,
        0.8671516079632465,
        0.8879876400154499,
        0.9076320939334638,
        0.9187718616401088,
        0.9263157894736842,
        0.941153546375682,
        0.9471210340775558,
        0.9630793401413983,
        0.9736012608353034,
        0.9751381215469613,
        0.9762939549585145,
        0.9793977812995246
    ],
    "val_precision": [
        0.825503355704698,
        0.7509829619921363,
        0.8669871794871795,
        0.891156462585034,
        0.8672839506172839,
        0.8508124076809453,
        0.9113475177304965,
        0.8835403726708074,
        0.919104991394148,
        0.819718309859155,
        0.9057507987220448,
        0.9036918138041734,
        0.9124797406807131,
        0.9177852348993288,
        0.9115755627009646
    ],
    "train_recall": [
        0.7448248407643312,
        0.8439490445859873,
        0.8773885350318471,
        0.901671974522293,
        0.9152070063694268,
        0.9231687898089171,
        0.9410828025477707,
        0.945859872611465,
        0.9613853503184714,
        0.9625796178343949,
        0.9761146496815286,
        0.9836783439490446,
        0.9836783439490446,
        0.9836783439490446,
        0.9840764331210191
    ],
    "val_recall": [
        0.7834394904458599,
        0.9124203821656051,
        0.8614649681528662,
        0.8343949044585988,
        0.8949044585987261,
        0.9171974522292994,
        0.8184713375796179,
        0.9060509554140127,
        0.8503184713375797,
        0.9267515923566879,
        0.9028662420382165,
        0.8964968152866242,
        0.8964968152866242,
        0.8710191082802548,
        0.9028662420382165
    ],
    "train_f1": [
        0.739087497531108,
        0.8391054818919453,
        0.8648224445752404,
        0.8840749414519906,
        0.9013918839443247,
        0.9153345174659562,
        0.9297935103244838,
        0.9359858183966909,
        0.9511618747538401,
        0.9547877591312932,
        0.9695531830763148,
        0.9786138613861386,
        0.979389615537059,
        0.9799722387467777,
        0.9817315329626688
    ],
    "val_f1": [
        0.803921568627451,
        0.8238677210639828,
        0.8642172523961661,
        0.8618421052631579,
        0.8808777429467085,
        0.8827586206896552,
        0.8624161073825504,
        0.8946540880503144,
        0.8833746898263027,
        0.8699551569506726,
        0.9043062200956937,
        0.9000799360511591,
        0.9044176706827309,
        0.8937908496732027,
        0.9072
    ]
}