{
    "train_loss": [
        0.5536891383049674,
        0.4017678147479936,
        0.3512627761042026,
        0.29111698434900346,
        0.25035331092424723,
        0.22561771332650296,
        0.1951929646017277,
        0.1725573874385069,
        0.15946035517345292,
        0.1327800071091878,
        0.08987281913384308,
        0.07610909230757786,
        0.06466008746561056,
        0.06344450009939112,
        0.05772512612630575
    ],
    "val_loss": [
        0.41528463286903283,
        0.3650345812539686,
        0.32059621205486794,
        0.2865088733182274,
        0.30303771118067196,
        0.2747998624208659,
        0.30890397111404266,
        0.249080814410518,
        0.2493326617391495,
        0.2652623359279145,
        0.26553992618232414,
        0.25959448040181904,
        0.2745092321341812,
        0.27803361633171636,
        0.2773024283338855
    ],
    "train_acc": [
        0.7668054729327781,
        0.8464009518143962,
        0.8673408685306365,
        0.8924449732302201,
        0.9130279595478882,
        0.9168352171326591,
        0.9340868530636526,
        0.9400356930398572,
        0.9441998810232005,
        0.9569303985722784,
        0.9714455681142177,
        0.9767995240928019,
        0.9792980368828078,
        0.9809637120761452,
        0.9810826888756693
    ],
    "val_acc": [
        0.8497854077253219,
        0.8590844062947067,
        0.8927038626609443,
        0.9041487839771102,
        0.8884120171673819,
        0.9127324749642346,
        0.9055793991416309,
        0.9206008583690987,
        0.9220314735336195,
        0.9256080114449213,
        0.9298998569384835,
        0.932761087267525,
        0.9313304721030042,
        0.9341917024320457,
        0.9334763948497854
    ],
    "train_precision": [
        0.7393907836500911,
        0.8253762324857291,
        0.8388888888888889,
        0.8623279098873592,
        0.8883544303797468,
        0.8886659979939819,
        0.909412061569518,
        0.917617237008872,
        0.9240957717778909,
        0.9409802412111881,
        0.9575726407816919,
        0.9670813893208916,
        0.9694379694379694,
        0.9707632600258732,
        0.972972972972973
    ],
    "val_precision": [
        0.8386023294509152,
        0.8191489361702128,
        0.8575803981623277,
        0.8721109399075501,
        0.8241912798874824,
        0.9037520391517129,
        0.9307282415630551,
        0.9093851132686084,
        0.8702623906705539,
        0.9130434782608695,
        0.9061032863849765,
        0.9041731066460588,
        0.9001536098310292,
        0.9082426127527217,
        0.8957703927492447
    ],
    "train_recall": [
        0.7475651487233482,
        0.8373256120031587,
        0.8744406422742828,
        0.9068175835746249,
        0.9236641221374046,
        0.9328770729139247,
        0.9486707028165307,
        0.9528823374572256,
        0.954988154777573,
        0.9652540142142669,
        0.9802579626217426,
        0.9821005527770466,
        0.9852592787575678,
        0.9876283232429587,
        0.9855225059226113
    ],
    "val_recall": [
        0.8168557536466775,
        0.873581847649919,
        0.9076175040518638,
        0.9173419773095624,
        0.9497568881685575,
        0.8978930307941653,
        0.8492706645056726,
        0.9108589951377634,
        0.9675850891410048,
        0.9189627228525121,
        0.9384116693679092,
        0.9481361426256077,
        0.9497568881685575,
        0.946515397082658,
        0.9611021069692058
    ],
    "train_f1": [
        0.743455497382199,
        0.8313079837972037,
        0.8562959144219616,
        0.8840133435976392,
        0.9056652471286618,
        0.9102350070630538,
        0.928626642617882,
        0.9349173553719008,
        0.9392880258899676,
        0.952962577962578,
        0.9687825182101977,
        0.9745331069609507,
        0.9772845953002611,
        0.9791231732776617,
        0.9792075323656336
    ],
    "val_f1": [
        0.8275862068965517,
        0.8454901960784313,
        0.8818897637795275,
        0.8941548183254344,
        0.8825301204819277,
        0.9008130081300812,
        0.888135593220339,
        0.9101214574898785,
        0.9163468917881811,
        0.9159935379644588,
        0.9219745222929936,
        0.9256329113924051,
        0.9242902208201893,
        0.926984126984127,
        0.9272869429241595
    ]
}